day;Mots-cl√©s par jour
2023-11-16;1
2023-11-26;1
2023-12-21;1
2023-12-29;2
2023-12-30;1
2024-01-01;1
2024-01-02;1
2024-01-03;1
2024-01-04;1
2024-01-05;1
2024-01-06;1
2024-01-08;1
2024-01-10;1
2024-01-11;1
2024-01-13;1
2024-01-15;1
2024-01-16;1
2024-01-17;3
2024-01-21;1
2024-01-22;1
2024-01-24;1
2024-01-25;1
2024-01-26;2
2024-01-27;2
2024-01-30;2
2024-01-31;3
2024-02-01;2
2024-02-05;1
2024-02-06;1
2024-02-07;2
2024-02-09;2
2024-02-11;1
2024-02-13;1
2024-02-17;1
2024-02-21;1
2024-02-22;2
2024-02-25;2
2024-02-27;1
2024-02-28;4
2024-02-29;1
2024-03-01;2
2024-03-07;1
2024-03-08;2
2024-03-11;1
2024-03-12;1
2024-03-13;1
2024-03-19;1
2024-03-22;1
2024-03-26;1
2024-03-27;3
2024-04-01;1
2024-04-04;2
2024-04-06;1
2024-04-08;1
2024-04-09;1
2024-04-11;1
2024-04-15;1
2024-04-16;1
2024-04-17;2
2024-04-18;1
2024-04-21;1
2024-04-23;1
2024-04-25;1
2024-04-26;1
2024-05-02;1
2024-05-06;2
2024-05-11;1
2024-05-15;1
2024-05-18;1
2024-05-19;1
2024-05-22;1
2024-05-23;1
2024-05-24;1
2024-05-25;1
2024-05-26;3
2024-05-28;1
2024-05-29;1
2024-06-05;1
2024-06-06;2
2024-06-07;2
2024-06-19;1
2024-06-22;1
2024-06-24;2
2024-07-04;2
2024-07-06;1
2024-07-09;1
2024-07-12;1
2024-07-19;1
2024-07-21;1
2024-07-29;1
2024-08-04;1
2024-08-05;3
2024-08-08;1
2024-08-09;1
2024-08-13;1
2024-08-21;1
2024-08-23;3
2024-08-28;1
2024-08-30;1
2024-09-05;2
2024-09-09;1
2024-09-10;2
2024-09-16;1
2024-09-18;1
2024-09-20;2
2024-10-02;1
2024-10-03;2
2024-10-04;2
2024-10-10;2
2024-10-14;1
2024-10-17;2
2024-10-18;2
2024-10-30;1
2024-11-04;1
2024-11-06;2
2024-11-13;1
2024-11-19;1
2024-11-20;2
2024-11-23;1
2024-11-26;2
2024-11-27;1
2024-12-03;1
2024-12-06;1
2024-12-09;2
2024-12-10;1
2024-12-12;1
2024-12-13;1
2024-12-17;1
2024-12-18;1
2024-12-23;1
2024-12-24;1
2024-12-30;2
2025-01-06;2
2025-01-09;1
2025-01-15;1
2025-01-18;1
2025-01-20;1
2025-01-21;4
2025-01-22;1
2025-01-29;1
2025-01-30;1
2025-01-31;1
2025-02-03;1
2025-02-04;1
2025-02-10;1
2025-02-12;1
2025-02-19;2
2025-02-23;1
2025-02-24;1
2025-02-25;2
2025-02-26;1
2025-03-03;1
