week;Mots-cl√©s par semaine
2023-11-13/2023-11-19;1
2023-11-20/2023-11-26;1
2023-12-18/2023-12-24;1
2023-12-25/2023-12-31;3
2024-01-01/2024-01-07;6
2024-01-08/2024-01-14;4
2024-01-15/2024-01-21;6
2024-01-22/2024-01-28;7
2024-01-29/2024-02-04;7
2024-02-05/2024-02-11;7
2024-02-12/2024-02-18;2
2024-02-19/2024-02-25;5
2024-02-26/2024-03-03;8
2024-03-04/2024-03-10;3
2024-03-11/2024-03-17;3
2024-03-18/2024-03-24;2
2024-03-25/2024-03-31;4
2024-04-01/2024-04-07;4
2024-04-08/2024-04-14;3
2024-04-15/2024-04-21;6
2024-04-22/2024-04-28;3
2024-04-29/2024-05-05;1
2024-05-06/2024-05-12;3
2024-05-13/2024-05-19;3
2024-05-20/2024-05-26;7
2024-05-27/2024-06-02;2
2024-06-03/2024-06-09;5
2024-06-17/2024-06-23;2
2024-06-24/2024-06-30;2
2024-07-01/2024-07-07;3
2024-07-08/2024-07-14;2
2024-07-15/2024-07-21;2
2024-07-29/2024-08-04;2
2024-08-05/2024-08-11;5
2024-08-12/2024-08-18;1
2024-08-19/2024-08-25;4
2024-08-26/2024-09-01;2
2024-09-02/2024-09-08;2
2024-09-09/2024-09-15;3
2024-09-16/2024-09-22;4
2024-09-30/2024-10-06;5
2024-10-07/2024-10-13;2
2024-10-14/2024-10-20;5
2024-10-28/2024-11-03;1
2024-11-04/2024-11-10;3
2024-11-11/2024-11-17;1
2024-11-18/2024-11-24;4
2024-11-25/2024-12-01;3
2024-12-02/2024-12-08;2
2024-12-09/2024-12-15;5
2024-12-16/2024-12-22;2
2024-12-23/2024-12-29;2
2024-12-30/2025-01-05;2
2025-01-06/2025-01-12;3
2025-01-13/2025-01-19;2
2025-01-20/2025-01-26;6
2025-01-27/2025-02-02;3
2025-02-03/2025-02-09;2
2025-02-10/2025-02-16;2
2025-02-17/2025-02-23;3
2025-02-24/2025-03-02;4
2025-03-03/2025-03-09;1
